interval_begin;interval_end;interval_id;interval_meanDurationWithin;interval_meanHaltsPerVehicle;interval_meanHaltsPerVehicleWithin;interval_meanIntervalDurationWithin;interval_meanIntervalHaltsPerVehicleWithin;interval_meanIntervalSpeedWithin;interval_meanOverlapTravelTime;interval_meanSpeed;interval_meanSpeedWithin;interval_meanTimeLoss;interval_meanTimeLossWithin;interval_meanTravelTime;interval_vehicleSum;interval_vehicleSumWithin
0.00;60.00;e3_0_1i;22.70;-1.00;0.73;22.70;0.73;11.97;-1.00;-1.00;11.97;-1.00;11.61;-1.00;0;11
0.00;60.00;e3_0_2i;7.07;0.00;0.00;7.07;0.00;10.92;14.66;18.04;10.92;0.91;0.26;14.13;4;5
0.00;60.00;e3_0_3i;17.14;-1.00;0.50;17.14;0.50;10.65;-1.00;-1.00;10.65;-1.00;7.07;-1.00;0;10
0.00;60.00;e3_0_4i;17.77;-1.00;0.44;17.77;0.44;10.50;-1.00;-1.00;10.50;-1.00;8.46;-1.00;0;9
60.00;120.00;e3_0_1i;19.70;0.78;0.14;19.70;0.14;8.62;37.83;8.37;8.62;24.47;4.08;36.91;18;7
60.00;120.00;e3_0_2i;36.90;0.00;0.71;35.71;0.71;7.06;13.10;20.16;7.10;0.58;16.93;12.67;1;24
60.00;120.00;e3_0_3i;44.59;1.00;0.79;40.65;0.67;5.48;96.42;2.77;6.08;81.17;24.74;94.85;2;24
60.00;120.00;e3_0_4i;45.68;1.00;0.77;41.13;0.65;5.84;99.77;2.66;6.36;84.82;25.85;98.16;1;26
120.00;180.00;e3_0_1i;45.01;-1.00;0.72;39.47;0.68;5.93;-1.00;-1.00;6.40;-1.00;26.02;-1.00;0;25
120.00;180.00;e3_0_2i;28.90;1.13;0.44;27.61;0.44;6.00;82.03;3.67;6.14;57.67;15.96;81.07;23;18
120.00;180.00;e3_0_3i;50.24;1.29;1.48;41.70;1.31;4.23;70.06;4.03;4.77;45.69;27.96;67.90;14;29
120.00;180.00;e3_0_4i;46.71;1.26;1.17;40.02;1.04;5.41;65.88;4.65;5.82;43.99;23.69;64.21;19;24
180.00;240.00;e3_0_1i;30.05;0.92;0.63;29.77;0.63;8.76;73.03;4.05;8.77;50.93;10.53;72.07;25;19
180.00;240.00;e3_0_2i;47.43;1.00;0.72;39.22;0.59;4.51;69.84;3.83;4.92;48.50;25.19;68.80;4;32
180.00;240.00;e3_0_3i;70.26;1.80;1.23;45.67;0.44;3.24;136.70;1.96;4.05;104.57;38.92;135.24;5;43
180.00;240.00;e3_0_4i;66.05;1.80;1.08;46.63;0.58;3.18;132.43;1.99;4.05;100.26;36.01;131.46;5;38
240.00;300.00;e3_0_1i;60.17;-1.00;0.97;44.74;0.65;3.96;-1.00;-1.00;4.93;-1.00;34.61;-1.00;0;37
240.00;300.00;e3_0_2i;46.86;1.19;0.65;37.72;0.52;4.81;90.66;3.59;5.30;65.54;28.26;89.82;27;23
240.00;300.00;e3_0_3i;100.81;0.92;2.37;49.49;1.43;1.73;63.26;6.26;2.26;39.58;43.61;60.53;12;46
240.00;300.00;e3_0_4i;70.94;1.55;2.67;45.99;2.25;2.86;91.67;3.51;3.45;65.67;37.52;89.84;20;36
300.00;360.00;e3_0_1i;37.06;1.24;0.95;34.39;0.91;6.62;91.75;3.37;6.82;66.92;19.26;90.91;33;22
300.00;360.00;e3_0_2i;69.68;0.75;1.26;47.69;0.91;4.06;79.96;5.84;4.47;58.35;36.15;79.21;4;35
300.00;360.00;e3_0_3i;127.72;2.50;2.09;54.19;0.35;1.32;166.22;1.76;1.94;136.97;49.62;165.07;6;54
300.00;360.00;e3_0_4i;98.16;2.14;2.42;52.21;0.53;1.82;123.88;2.63;2.52;97.18;47.08;122.40;7;45
360.00;420.00;e3_0_1i;66.30;-1.00;0.95;44.84;0.39;3.50;-1.00;-1.00;4.56;-1.00;37.30;-1.00;0;38
360.00;420.00;e3_0_2i;61.13;1.43;0.80;42.22;0.44;3.74;110.74;3.49;4.31;88.31;33.80;109.79;28;25
360.00;420.00;e3_0_3i;163.04;1.69;2.92;51.55;1.18;2.25;85.10;4.08;2.33;59.50;43.69;83.53;16;51
360.00;420.00;e3_0_4i;140.97;1.33;3.37;52.34;1.16;1.66;57.87;7.23;2.05;36.29;49.00;56.41;12;43
420.00;480.00;e3_0_1i;56.06;1.24;1.26;40.59;1.04;3.98;94.43;4.07;4.33;72.22;28.20;93.51;29;27
420.00;480.00;e3_0_2i;81.69;1.00;1.37;48.86;0.92;2.85;94.96;6.29;3.28;70.16;38.46;94.37;3;38
420.00;480.00;e3_0_3i;200.46;2.00;3.02;56.62;0.44;1.11;162.20;2.02;1.72;135.86;52.53;161.17;5;54
420.00;480.00;e3_0_4i;181.90;2.40;3.19;54.02;0.17;1.47;122.11;3.04;1.88;99.49;51.39;120.99;10;42
480.00;540.00;e3_0_1i;84.78;-1.00;1.51;49.58;0.72;2.87;-1.00;-1.00;3.70;-1.00;41.23;-1.00;0;43
480.00;540.00;e3_0_2i;72.93;1.33;1.15;45.50;0.46;2.00;117.53;3.71;2.38;93.92;36.87;116.64;30;26
480.00;540.00;e3_0_3i;198.42;2.67;3.31;50.30;1.15;2.62;160.69;2.52;2.70;132.16;41.60;159.13;21;52
480.00;540.00;e3_0_4i;169.31;3.14;3.75;48.00;1.74;2.50;110.83;7.22;2.48;97.70;37.74;107.00;7;57
540.00;600.00;e3_0_1i;71.84;1.67;2.63;45.07;2.07;3.63;109.07;3.66;3.96;83.35;35.88;108.21;33;27
540.00;600.00;e3_0_2i;92.22;-1.00;1.86;49.13;1.18;2.54;-1.00;-1.00;2.84;-1.00;39.15;-1.00;0;44
540.00;600.00;e3_0_3i;195.41;2.22;3.06;50.73;0.71;1.79;152.70;2.14;2.20;129.12;45.04;151.46;9;65
540.00;600.00;e3_0_4i;180.79;2.42;3.44;50.41;0.46;1.91;170.52;2.05;2.35;138.74;44.93;169.60;12;63
600.00;660.00;e3_0_1i;94.62;-1.00;2.30;49.52;0.65;2.09;-1.00;-1.00;2.87;-1.00;43.51;-1.00;0;43
600.00;660.00;e3_0_2i;98.62;1.86;2.09;51.74;0.66;0.78;126.73;3.89;1.26;101.38;48.06;125.72;29;32
600.00;660.00;e3_0_3i;199.05;2.92;2.92;51.28;0.65;1.43;169.94;2.87;1.87;142.20;45.82;167.11;13;72
600.00;660.00;e3_0_4i;186.72;2.70;3.24;50.97;0.68;1.76;143.19;3.09;2.21;120.28;45.29;139.37;10;74
660.00;720.00;e3_0_1i;85.81;2.38;3.00;45.73;1.66;2.69;126.87;4.01;2.76;105.43;36.60;125.87;24;35
660.00;720.00;e3_0_2i;112.33;-1.00;2.64;49.21;1.30;2.01;-1.00;-1.00;2.12;-1.00;40.35;-1.00;0;50
660.00;720.00;e3_0_3i;224.99;2.00;3.29;53.29;0.88;1.09;140.58;2.00;1.43;115.57;48.47;139.57;16;75
660.00;720.00;e3_0_4i;211.57;2.60;3.21;55.25;0.57;0.86;178.11;1.82;1.37;149.94;51.76;177.20;15;76
720.00;780.00;e3_0_1i;114.06;-1.00;3.14;53.98;1.04;1.41;-1.00;-1.00;2.05;-1.00;48.22;-1.00;0;50
720.00;780.00;e3_0_2i;127.09;3.00;2.51;51.14;0.46;1.63;152.29;3.54;1.85;125.50;44.84;151.16;24;37
720.00;780.00;e3_0_3i;259.10;2.64;4.07;57.75;1.16;0.50;167.85;2.91;0.78;140.03;54.63;165.75;11;75
720.00;780.00;e3_0_4i;242.53;3.14;3.26;56.88;0.47;0.34;184.02;1.98;0.79;157.63;55.15;178.90;7;80
780.00;840.00;e3_0_1i;112.22;2.71;3.83;49.03;1.53;2.19;136.11;3.48;2.08;110.93;39.55;135.22;28;36
780.00;840.00;e3_0_2i;131.31;-1.00;3.47;50.24;1.86;1.90;-1.00;-1.00;2.03;-1.00;40.93;-1.00;0;58
780.00;840.00;e3_0_3i;328.40;3.62;4.27;60.00;0.15;0.07;227.04;1.55;0.43;205.72;59.48;225.89;8;67
780.00;840.00;e3_0_4i;311.89;3.67;3.34;60.00;0.13;0.03;236.62;1.26;0.41;207.46;59.83;234.77;12;68
840.00;900.00;e3_0_1i;130.06;4.00;3.51;53.56;0.86;1.33;203.75;1.82;1.85;190.90;48.57;202.18;2;49
840.00;900.00;e3_0_2i;145.56;2.45;4.05;52.50;0.68;1.68;155.86;2.99;1.83;127.14;44.45;155.10;33;38
840.00;900.00;e3_0_3i;368.29;7.80;5.05;60.00;1.06;0.67;582.61;0.51;0.53;562.41;55.57;578.81;5;62
840.00;900.00;e3_0_4i;361.97;6.20;3.56;60.00;0.44;0.23;442.62;0.63;0.35;410.77;59.04;441.77;5;63
900.00;960.00;e3_0_1i;109.14;3.43;3.58;46.65;1.51;2.76;165.57;2.54;2.65;138.51;34.28;164.72;23;45
900.00;960.00;e3_0_2i;145.31;-1.00;4.00;51.54;1.39;2.09;-1.00;-1.00;2.39;-1.00;42.88;-1.00;0;59
900.00;960.00;e3_0_3i;378.71;5.60;4.88;51.46;0.75;1.24;323.59;0.91;1.26;291.21;49.04;322.38;15;57
900.00;960.00;e3_0_4i;416.76;6.33;3.39;60.00;0.07;0.03;458.33;0.66;0.26;444.86;59.81;455.03;6;57
960.00;1020.00;e3_0_1i;127.18;2.50;3.51;52.58;0.95;2.02;166.54;1.86;2.59;137.53;45.78;165.33;6;57
960.00;1020.00;e3_0_2i;167.64;2.28;4.59;49.84;0.41;2.16;148.36;2.64;2.30;118.92;43.03;147.60;32;41
960.00;1020.00;e3_0_3i;330.21;7.60;4.90;55.81;1.35;1.18;590.69;0.57;1.25;577.51;50.41;588.92;5;68
960.00;1020.00;e3_0_4i;417.92;6.50;4.17;56.75;1.37;1.46;525.19;0.57;0.77;495.87;49.61;524.38;4;60
1020.00;1080.00;e3_0_1i;144.78;2.48;4.07;49.39;0.95;2.30;121.17;3.10;2.30;94.31;40.81;120.52;29;43
1020.00;1080.00;e3_0_2i;161.76;-1.00;4.02;50.91;0.98;1.73;-1.00;-1.00;2.14;-1.00;43.17;-1.00;0;62
1020.00;1080.00;e3_0_3i;408.84;3.00;5.70;57.11;0.77;0.66;146.10;2.18;0.90;127.95;54.66;145.06;13;60
1020.00;1080.00;e3_0_4i;394.84;2.71;4.05;53.13;0.60;1.14;324.85;1.00;1.30;295.63;48.56;318.02;14;62
1080.00;1140.00;e3_0_1i;133.97;3.00;2.81;46.92;0.31;2.25;176.22;1.82;2.63;148.59;40.52;175.12;9;59
1080.00;1140.00;e3_0_2i;160.82;2.94;3.94;49.55;0.71;2.60;166.26;2.66;2.84;137.20;42.58;165.49;33;49
1080.00;1140.00;e3_0_3i;381.07;5.00;5.01;53.70;0.47;0.58;321.08;1.34;0.87;308.36;52.46;303.29;2;73
1080.00;1140.00;e3_0_4i;415.12;3.71;5.02;56.33;1.33;0.70;373.84;1.70;0.95;350.67;53.38;372.96;7;61
1140.00;1200.00;e3_0_1i;134.85;2.78;3.15;50.11;1.22;1.99;155.50;3.23;2.34;129.39;44.19;154.77;23;54
1140.00;1200.00;e3_0_2i;164.22;-1.00;3.54;51.64;0.79;1.36;-1.00;-1.00;2.00;-1.00;48.12;-1.00;0;70
1140.00;1200.00;e3_0_3i;402.04;11.25;4.67;57.97;0.37;0.09;541.08;0.48;0.43;504.27;57.50;537.03;4;75
1140.00;1200.00;e3_0_4i;475.98;4.08;5.62;56.80;0.69;0.68;350.79;1.35;0.76;330.97;54.65;349.66;25;42
1200.00;1260.00;e3_0_1i;156.87;1.91;3.03;52.75;0.59;1.90;137.86;1.94;2.30;116.08;46.94;136.69;11;61
1200.00;1260.00;e3_0_2i;172.12;3.94;3.44;53.98;1.08;1.28;192.90;2.14;1.42;172.14;47.42;191.91;35;48
1200.00;1260.00;e3_0_3i;462.04;-1.00;4.69;60.00;0.03;0.01;-1.00;-1.00;0.30;-1.00;59.95;-1.00;0;75
1200.00;1260.00;e3_0_4i;525.94;3.67;7.46;57.72;1.95;0.71;267.53;2.36;0.55;243.89;55.04;265.69;3;41
1260.00;1320.00;e3_0_1i;147.28;3.63;2.69;46.57;0.96;2.01;157.35;2.40;2.27;140.42;39.52;156.64;19;67
1260.00;1320.00;e3_0_2i;175.77;-1.00;3.51;48.66;0.97;1.94;-1.00;-1.00;2.23;-1.00;43.81;-1.00;0;65
1260.00;1320.00;e3_0_3i;495.80;12.43;4.18;59.24;0.34;0.20;664.05;0.43;0.25;635.66;57.76;661.58;7;68
1260.00;1320.00;e3_0_4i;495.20;7.29;6.06;53.57;0.08;1.05;443.13;3.15;1.26;424.70;51.43;441.96;14;36
1320.00;1380.00;e3_0_1i;175.74;3.21;2.78;53.81;0.71;0.79;190.63;1.62;1.27;163.87;50.29;189.61;14;65
1320.00;1380.00;e3_0_2i;183.29;3.09;3.54;52.22;0.87;2.07;168.32;2.44;2.34;145.32;46.09;167.46;23;61
1320.00;1380.00;e3_0_3i;538.95;12.00;4.53;59.51;0.53;0.23;1111.41;0.24;0.24;1098.11;58.11;1109.35;1;68
1320.00;1380.00;e3_0_4i;422.92;1.00;5.06;52.08;0.54;1.67;27.67;9.50;1.84;15.77;46.33;27.26;1;48
1380.00;1440.00;e3_0_1i;231.73;2.61;4.24;59.38;1.56;1.01;162.35;2.26;0.98;138.00;53.76;161.66;18;50
1380.00;1440.00;e3_0_2i;219.83;-1.00;3.50;55.41;0.32;0.80;-1.00;-1.00;1.57;-1.00;53.47;-1.00;0;68
1380.00;1440.00;e3_0_3i;566.35;7.83;4.44;58.97;0.54;0.66;683.12;0.43;0.30;656.32;56.26;681.24;12;57
1380.00;1440.00;e3_0_4i;553.70;4.33;5.74;60.00;0.32;0.45;272.11;2.18;0.79;250.05;56.82;270.80;15;34
1440.00;1500.00;e3_0_1i;286.26;3.93;4.52;53.78;0.69;1.13;170.30;1.63;1.26;143.66;51.15;169.27;15;42
1440.00;1500.00;e3_0_2i;221.88;3.15;3.98;49.61;1.32;1.59;194.69;1.89;1.65;174.00;43.82;193.70;26;60
1440.00;1500.00;e3_0_3i;530.82;-1.00;4.56;56.08;0.84;1.23;-1.00;-1.00;0.97;-1.00;50.76;-1.00;0;68
1440.00;1500.00;e3_0_4i;613.70;-1.00;6.50;60.00;0.76;0.14;-1.00;-1.00;0.52;-1.00;59.47;-1.00;0;34
1500.00;1560.00;e3_0_1i;272.09;7.50;4.45;56.10;1.34;1.33;320.55;0.99;1.36;296.74;48.36;319.79;6;47
1500.00;1560.00;e3_0_2i;234.54;-1.00;3.84;54.64;0.61;0.56;-1.00;-1.00;1.05;-1.00;52.86;-1.00;0;74
1500.00;1560.00;e3_0_3i;515.14;5.09;4.14;49.12;1.05;1.62;494.81;0.89;1.58;471.50;45.61;493.93;35;43
1500.00;1560.00;e3_0_4i;639.32;6.25;6.58;56.36;0.61;0.65;438.44;1.24;0.69;401.27;53.50;431.19;4;33
1560.00;1620.00;e3_0_1i;262.19;4.67;3.57;50.90;0.42;1.45;223.54;1.46;1.84;202.84;47.46;222.33;9;53
1560.00;1620.00;e3_0_2i;266.10;5.38;4.46;58.46;1.25;0.57;266.81;1.09;0.69;235.94;55.33;266.10;13;68
1560.00;1620.00;e3_0_3i;426.76;-1.00;4.00;51.32;0.98;1.67;-1.00;-1.00;1.71;-1.00;45.49;-1.00;0;59
1560.00;1620.00;e3_0_4i;376.80;-1.00;3.67;47.15;0.28;2.38;-1.00;-1.00;2.54;-1.00;37.08;-1.00;0;64
1620.00;1680.00;e3_0_1i;235.32;5.17;3.54;50.75;1.18;1.74;260.68;1.44;1.98;236.86;42.99;260.23;6;67
1620.00;1680.00;e3_0_2i;325.56;4.00;4.98;60.00;0.52;0.58;341.46;0.81;0.70;296.34;56.65;340.35;2;66
1620.00;1680.00;e3_0_3i;402.07;4.61;4.09;50.96;1.04;1.74;356.60;2.56;1.98;332.97;47.01;355.10;18;55
1620.00;1680.00;e3_0_4i;337.65;3.88;3.44;50.32;0.89;1.50;236.40;1.83;1.93;209.09;44.81;234.84;16;73
1680.00;1740.00;e3_0_1i;264.31;3.33;3.67;51.69;0.90;1.53;190.73;1.80;1.74;161.43;45.17;189.86;24;58
1680.00;1740.00;e3_0_2i;365.95;4.72;5.71;55.08;1.38;1.51;272.72;1.17;1.26;252.52;49.09;271.79;29;45
1680.00;1740.00;e3_0_3i;369.42;-1.00;3.84;53.51;0.63;1.13;-1.00;-1.00;1.57;-1.00;49.81;-1.00;0;70
1680.00;1740.00;e3_0_4i;354.40;-1.00;3.57;57.43;0.54;0.40;-1.00;-1.00;1.00;-1.00;55.05;-1.00;0;83
1740.00;1800.00;e3_0_1i;262.01;2.50;3.94;54.34;1.18;1.59;124.99;2.48;1.73;99.17;47.18;124.24;10;68
1740.00;1800.00;e3_0_2i;421.28;4.00;5.93;57.70;0.40;0.37;223.30;1.85;0.68;197.10;56.17;221.89;5;43
1740.00;1800.00;e3_0_3i;366.66;3.73;3.75;54.11;0.69;0.90;246.02;2.13;1.21;226.64;50.11;242.35;11;75
1740.00;1800.00;e3_0_4i;498.65;3.62;4.46;60.00;0.68;0.22;176.13;1.71;0.50;150.62;58.49;174.64;24;59
1800.00;1860.00;e3_0_1i;280.98;4.00;3.64;53.23;0.68;1.49;244.89;1.58;1.73;220.45;48.12;243.96;29;53
1800.00;1860.00;e3_0_2i;474.82;8.00;7.15;58.28;1.76;0.69;408.82;0.91;0.55;385.50;54.47;407.82;10;34
1800.00;1860.00;e3_0_3i;407.65;-1.00;4.00;59.54;0.44;0.27;-1.00;-1.00;0.75;-1.00;57.74;-1.00;0;79
1800.00;1860.00;e3_0_4i;558.65;-1.00;5.02;60.00;0.56;0.16;-1.00;-1.00;0.41;-1.00;59.38;-1.00;0;59
1860.00;1920.00;e3_0_1i;291.02;3.17;4.15;55.90;1.20;0.94;172.30;2.03;1.12;153.31;51.86;171.55;6;59
1860.00;1920.00;e3_0_2i;360.11;9.33;5.04;51.26;0.47;2.15;597.26;0.48;2.36;562.17;46.50;596.17;3;47
1860.00;1920.00;e3_0_3i;537.70;4.76;4.43;58.89;0.76;0.41;297.39;1.27;0.39;271.78;56.73;296.43;29;51
1860.00;1920.00;e3_0_4i;658.95;4.71;5.29;60.00;0.21;0.06;280.59;0.93;0.28;240.43;59.77;276.81;7;52
1920.00;1980.00;e3_0_1i;347.49;4.55;4.14;56.81;0.42;0.21;274.38;1.41;0.49;252.60;55.79;273.54;20;43
1920.00;1980.00;e3_0_2i;331.95;4.25;4.47;49.82;0.65;1.72;270.28;3.18;1.97;245.94;43.74;269.07;12;49
1920.00;1980.00;e3_0_3i;597.70;-1.00;5.24;60.00;0.80;0.46;-1.00;-1.00;0.43;-1.00;57.72;-1.00;0;51
1920.00;1980.00;e3_0_4i;718.95;-1.00;5.37;60.00;0.08;0.02;-1.00;-1.00;0.24;-1.00;59.93;-1.00;0;52
1980.00;2040.00;e3_0_1i;392.44;10.00;4.86;59.48;1.05;0.83;293.63;0.88;0.55;279.15;55.12;292.60;1;44
1980.00;2040.00;e3_0_2i;302.77;4.09;3.77;49.63;0.65;1.89;219.89;1.97;2.21;186.15;45.42;219.03;11;57
1980.00;2040.00;e3_0_3i;588.46;5.56;5.30;53.87;1.18;1.15;457.26;0.79;1.00;434.00;49.85;455.91;16;44
1980.00;2040.00;e3_0_4i;595.70;8.36;4.30;49.55;0.76;1.93;716.78;0.53;1.60;697.24;43.84;715.22;11;54
2040.00;2100.00;e3_0_1i;460.11;5.67;4.52;57.06;0.06;0.22;357.98;1.06;0.32;329.52;56.44;357.14;15;31
2040.00;2100.00;e3_0_2i;322.87;3.00;4.23;52.11;1.25;1.84;168.66;3.43;1.91;150.34;45.84;167.94;20;52
2040.00;2100.00;e3_0_3i;596.91;-1.00;5.65;57.49;0.79;0.76;-1.00;-1.00;1.00;-1.00;55.60;-1.00;0;48
2040.00;2100.00;e3_0_4i;475.48;-1.00;3.78;52.22;0.72;1.52;-1.00;-1.00;1.72;-1.00;46.49;-1.00;0;76
2100.00;2160.00;e3_0_1i;337.40;-1.00;3.96;46.31;1.10;2.31;-1.00;-1.00;2.02;-1.00;38.78;-1.00;0;49
2100.00;2160.00;e3_0_2i;344.99;3.27;4.59;54.83;0.92;1.11;232.87;1.95;1.46;210.78;50.46;231.83;11;51
2100.00;2160.00;e3_0_3i;515.37;4.71;4.80;53.24;0.68;1.39;220.05;4.00;1.63;206.39;49.28;213.78;7;59
2100.00;2160.00;e3_0_4i;505.25;2.96;4.99;53.01;1.79;1.67;235.40;1.90;1.75;210.48;46.54;233.77;25;68
2160.00;2220.00;e3_0_1i;348.96;2.84;3.73;51.77;0.45;1.63;224.27;3.43;1.86;200.69;46.42;223.44;25;40
2160.00;2220.00;e3_0_2i;394.28;4.53;5.62;58.18;1.48;0.87;284.46;2.11;1.00;266.59;53.65;283.88;15;40
2160.00;2220.00;e3_0_3i;575.37;-1.00;4.97;60.00;0.17;0.11;-1.00;-1.00;0.72;-1.00;59.67;-1.00;0;59
2160.00;2220.00;e3_0_4i;509.53;-1.00;4.93;57.47;0.47;0.41;-1.00;-1.00;1.03;-1.00;55.09;-1.00;0;76
2220.00;2280.00;e3_0_1i;301.84;-1.00;3.64;52.58;0.98;2.18;-1.00;-1.00;2.54;-1.00;46.33;-1.00;0;56
2220.00;2280.00;e3_0_2i;335.52;5.10;4.52;49.42;0.67;1.62;309.83;1.26;1.85;283.66;46.66;308.71;10;46
2220.00;2280.00;e3_0_3i;607.84;11.40;5.22;60.00;0.81;0.31;886.70;0.35;0.62;854.52;58.42;883.58;5;54
2220.00;2280.00;e3_0_4i;517.91;6.07;4.84;56.14;1.21;0.87;461.73;1.17;0.97;440.80;51.31;460.74;29;56
2280.00;2340.00;e3_0_1i;273.58;3.15;3.25;45.27;0.48;2.75;256.48;2.49;2.99;234.46;40.45;255.60;27;48
2280.00;2340.00;e3_0_2i;266.03;9.83;3.93;53.44;1.32;1.42;560.53;1.30;1.55;546.76;47.89;559.40;6;57
2280.00;2340.00;e3_0_3i;667.84;-1.00;5.30;60.00;0.07;0.03;-1.00;-1.00;0.48;-1.00;59.80;-1.00;0;54
2280.00;2340.00;e3_0_4i;550.31;-1.00;5.41;58.74;0.81;0.30;-1.00;-1.00;0.69;-1.00;57.00;-1.00;0;59
2340.00;2400.00;e3_0_1i;246.62;-1.00;3.46;53.50;1.16;1.51;-1.00;-1.00;1.92;-1.00;47.97;-1.00;0;68
2340.00;2400.00;e3_0_2i;281.01;4.56;3.40;53.28;0.48;1.52;258.23;1.83;1.79;237.92;48.78;257.23;18;50
2340.00;2400.00;e3_0_3i;816.94;6.00;5.92;57.50;1.28;0.77;428.83;0.85;0.67;406.41;55.36;427.51;21;36
2340.00;2400.00;e3_0_4i;589.32;5.30;5.57;55.53;0.56;0.58;377.93;1.28;0.78;348.65;54.14;375.30;10;54
2400.00;2460.00;e3_0_1i;267.32;3.06;4.21;52.26;1.23;1.20;214.44;2.49;1.34;193.00;47.41;213.57;31;52
2400.00;2460.00;e3_0_2i;317.66;3.36;3.85;56.99;1.08;1.43;145.69;2.25;1.54;123.61;50.12;145.05;11;48
2400.00;2460.00;e3_0_3i;802.17;5.00;6.18;57.07;0.85;0.68;409.54;0.64;0.89;397.87;55.51;408.10;1;39
2400.00;2460.00;e3_0_4i;541.77;9.00;4.74;57.52;0.25;0.12;405.02;0.64;0.38;392.25;56.61;403.66;1;65
2460.00;2520.00;e3_0_1i;269.74;-1.00;4.40;55.89;1.03;0.76;-1.00;-1.00;0.96;-1.00;51.85;-1.00;0;65
2460.00;2520.00;e3_0_2i;318.64;4.36;2.83;47.56;0.28;1.63;296.23;1.73;1.77;272.17;44.45;295.38;22;36
2460.00;2520.00;e3_0_3i;875.42;5.82;6.45;55.80;1.00;1.32;398.81;2.09;1.17;382.52;50.79;398.06;11;33
2460.00;2520.00;e3_0_4i;614.51;8.67;4.28;60.00;0.43;0.51;501.71;0.71;0.29;474.71;57.09;500.85;12;53
2520.00;2580.00;e3_0_1i;315.11;4.76;4.67;54.42;0.96;0.81;229.36;1.58;0.68;202.43;49.79;228.49;21;51
2520.00;2580.00;e3_0_2i;230.91;3.75;3.13;48.82;1.52;3.03;412.54;3.85;2.99;398.87;37.13;411.93;4;54
2520.00;2580.00;e3_0_3i;622.20;3.00;4.63;52.10;0.53;1.88;292.88;2.71;2.02;264.28;45.06;291.50;4;49
2520.00;2580.00;e3_0_4i;558.68;7.33;4.22;55.53;0.77;1.71;849.35;0.97;1.38;835.80;47.96;847.92;3;60
2580.00;2640.00;e3_0_1i;368.78;-1.00;5.48;59.73;0.90;0.70;-1.00;-1.00;0.76;-1.00;54.76;-1.00;0;52
2580.00;2640.00;e3_0_2i;281.96;1.88;3.23;50.99;0.39;1.77;131.91;3.26;2.04;103.65;46.52;131.11;26;44
2580.00;2640.00;e3_0_3i;567.85;2.62;4.24;50.77;0.41;1.28;326.83;4.19;1.74;305.45;48.28;325.96;8;54
2580.00;2640.00;e3_0_4i;497.66;4.53;3.57;51.25;0.65;1.86;331.77;1.58;2.08;303.33;45.83;329.32;17;63
2640.00;2700.00;e3_0_1i;313.87;4.91;4.39;44.80;0.73;3.01;297.07;1.17;2.93;268.95;37.79;296.20;22;49
2640.00;2700.00;e3_0_2i;275.91;4.00;4.08;55.59;1.48;1.23;467.08;1.74;1.61;442.86;49.81;466.09;3;50
2640.00;2700.00;e3_0_3i;485.79;4.33;3.48;52.77;0.35;1.20;317.64;0.98;1.62;282.97;49.14;316.42;3;69
2640.00;2700.00;e3_0_4i;478.20;4.38;3.42;52.79;0.67;1.10;305.65;1.34;1.58;276.51;49.42;304.50;8;69
2700.00;2760.00;e3_0_1i;261.60;-1.00;4.34;50.92;1.40;1.81;-1.00;-1.00;2.22;-1.00;43.76;-1.00;0;73
2700.00;2760.00;e3_0_2i;383.43;2.93;5.08;57.84;0.74;0.66;136.01;2.02;0.98;114.21;55.51;135.06;15;38
2700.00;2760.00;e3_0_3i;427.13;13.00;3.23;54.50;0.70;0.73;755.21;0.37;1.11;741.01;51.15;744.27;2;86
2700.00;2760.00;e3_0_4i;443.87;3.76;3.77;56.02;1.30;1.43;402.02;1.73;1.52;379.38;48.85;401.05;21;64
2760.00;2820.00;e3_0_1i;263.69;3.32;4.50;50.06;0.94;1.65;213.90;2.18;1.91;185.99;43.04;213.15;31;62
2760.00;2820.00;e3_0_2i;322.70;15.00;4.28;52.66;0.72;1.62;1068.80;0.24;1.85;1054.19;47.66;1067.60;1;50
2760.00;2820.00;e3_0_3i;495.57;2.55;3.45;59.16;0.33;0.08;218.82;1.23;0.51;193.82;58.63;217.57;11;80
2760.00;2820.00;e3_0_4i;535.63;2.25;4.86;58.67;1.02;0.53;145.64;1.84;0.95;119.32;56.30;144.45;8;58
2820.00;2880.00;e3_0_1i;277.53;-1.00;4.49;56.60;0.72;1.11;-1.00;-1.00;1.59;-1.00;50.45;-1.00;0;74
2820.00;2880.00;e3_0_2i;270.89;4.70;2.95;47.46;0.64;1.80;220.32;2.49;2.00;194.66;41.82;219.47;20;56
2820.00;2880.00;e3_0_3i;576.84;4.89;3.99;60.00;0.72;0.41;335.93;1.20;0.43;311.97;56.71;334.90;9;71
2820.00;2880.00;e3_0_4i;616.79;3.73;5.89;60.00;0.74;0.27;453.31;1.71;0.56;430.83;58.22;450.35;11;47
2880.00;2940.00;e3_0_1i;317.50;3.91;5.57;53.99;1.37;1.58;242.96;1.88;1.65;216.55;48.09;242.21;32;51
2880.00;2940.00;e3_0_2i;275.83;3.00;3.41;54.80;1.03;1.43;139.10;1.90;1.77;125.76;48.49;138.18;1;68
2880.00;2940.00;e3_0_3i;692.45;3.62;4.14;60.00;0.05;0.03;379.50;0.88;0.23;346.79;59.84;378.63;13;58
2880.00;2940.00;e3_0_4i;688.74;5.33;6.09;59.92;0.29;0.11;278.43;0.98;0.41;254.10;59.09;276.73;3;45
2940.00;3000.00;e3_0_1i;292.07;-1.00;5.06;53.95;0.88;1.29;-1.00;-1.00;1.72;-1.00;49.85;-1.00;0;68
2940.00;3000.00;e3_0_2i;301.95;3.84;3.19;50.34;1.00;1.10;216.51;1.91;1.24;190.91;46.12;215.69;32;52
2940.00;3000.00;e3_0_3i;709.16;8.00;5.12;60.00;1.51;1.08;1015.95;0.51;0.38;997.94;53.56;1014.93;7;51
2940.00;3000.00;e3_0_4i;758.38;8.12;6.46;60.00;0.70;0.29;652.52;0.69;0.33;619.20;58.47;650.98;8;37
3000.00;3060.00;e3_0_1i;311.28;4.32;4.95;49.77;1.08;1.48;175.99;2.02;1.63;148.60;43.39;175.33;28;59
3000.00;3060.00;e3_0_2i;270.74;-1.00;3.18;52.67;0.88;1.82;-1.00;-1.00;1.99;-1.00;44.54;-1.00;0;72
3000.00;3060.00;e3_0_3i;712.49;4.17;5.46;55.18;0.80;0.98;542.24;0.69;0.88;518.09;51.02;541.14;12;46
3000.00;3060.00;e3_0_4i;802.79;6.67;6.39;58.37;0.31;0.20;466.54;0.62;0.40;431.92;58.05;465.42;3;36
3060.00;3120.00;e3_0_1i;306.56;-1.00;4.58;54.98;0.58;0.86;-1.00;-1.00;1.38;-1.00;51.63;-1.00;0;73
3060.00;3120.00;e3_0_2i;294.87;3.24;3.27;51.65;1.02;1.83;216.83;1.94;1.94;190.35;44.86;216.00;34;55
3060.00;3120.00;e3_0_3i;564.13;7.86;4.69;53.76;1.13;1.49;678.33;0.61;1.52;646.04;47.29;677.67;7;55
3060.00;3120.00;e3_0_4i;519.95;9.33;5.02;49.69;1.67;2.81;748.65;0.56;2.68;725.32;41.25;747.53;6;52
3120.00;3180.00;e3_0_1i;261.34;6.70;4.12;54.77;1.13;1.00;439.32;1.22;1.13;415.97;50.24;438.43;20;67
3120.00;3180.00;e3_0_2i;349.44;-1.00;4.38;59.84;1.16;0.55;-1.00;-1.00;1.07;-1.00;56.32;-1.00;0;56
3120.00;3180.00;e3_0_3i;591.76;3.50;4.98;54.68;0.93;0.72;170.61;2.16;0.97;141.43;51.93;169.61;12;55
3120.00;3180.00;e3_0_4i;498.03;2.31;4.49;49.68;0.30;1.57;160.42;2.59;1.94;132.21;45.42;159.51;13;57
3180.00;3240.00;e3_0_1i;307.30;5.00;4.28;59.78;0.42;0.18;273.54;0.99;0.66;244.75;58.58;272.32;2;69
3180.00;3240.00;e3_0_2i;534.75;3.68;5.52;60.00;0.52;0.27;225.49;1.58;0.36;199.26;58.89;224.56;25;31
3180.00;3240.00;e3_0_3i;552.89;4.33;5.09;55.62;1.00;0.82;250.53;1.76;0.97;237.10;51.43;239.89;3;64
3180.00;3240.00;e3_0_4i;439.71;4.43;4.35;53.21;0.91;1.17;418.39;3.70;1.47;400.68;48.14;413.22;7;66
3240.00;3300.00;e3_0_1i;313.76;4.26;5.36;53.50;1.70;1.77;314.71;1.20;1.27;292.84;46.26;313.80;27;50
3240.00;3300.00;e3_0_2i;445.61;-1.00;4.81;50.91;0.74;1.92;-1.00;-1.00;1.87;-1.00;46.67;-1.00;0;42
3240.00;3300.00;e3_0_3i;645.15;5.30;5.32;57.64;0.49;0.67;235.93;1.48;0.97;209.73;56.26;233.73;10;57
3240.00;3300.00;e3_0_4i;443.12;3.85;4.23;54.36;0.52;0.35;332.64;1.63;0.75;306.85;53.12;330.49;13;65
3300.00;3360.00;e3_0_1i;267.09;3.80;4.74;50.97;1.04;2.06;211.80;1.25;2.12;178.93;42.97;210.66;5;69
3300.00;3360.00;e3_0_2i;388.15;4.59;3.76;46.35;0.51;2.41;305.30;3.18;2.41;283.99;40.65;304.25;17;41
3300.00;3360.00;e3_0_3i;586.44;10.00;4.62;56.22;0.48;0.28;596.90;0.43;0.53;572.45;55.32;595.94;3;66
3300.00;3360.00;e3_0_4i;504.64;5.25;4.65;59.27;0.53;0.30;301.72;1.05;0.50;279.98;57.80;300.58;4;62
3360.00;3420.00;e3_0_1i;267.99;4.59;5.05;53.80;1.29;1.58;251.84;2.24;1.79;227.66;47.10;251.09;27;56
3360.00;3420.00;e3_0_2i;364.35;-1.00;4.20;52.31;1.18;2.55;-1.00;-1.00;2.91;-1.00;47.09;-1.00;0;51
3360.00;3420.00;e3_0_3i;569.77;9.86;4.28;59.30;0.30;0.17;1130.25;0.45;0.33;1111.51;58.25;1128.24;7;61
3360.00;3420.00;e3_0_4i;551.60;7.75;3.92;60.00;0.00;0.11;602.28;0.74;0.28;580.66;59.66;601.19;12;50
3420.00;3480.00;e3_0_1i;288.01;4.30;5.20;55.85;0.84;1.01;279.05;1.62;1.45;249.22;52.85;278.06;10;55
3420.00;3480.00;e3_0_2i;407.07;4.13;4.26;56.82;0.71;1.08;299.93;2.72;1.42;276.58;53.83;299.11;23;35
3420.00;3480.00;e3_0_3i;557.60;11.50;4.94;56.63;1.16;1.03;1600.61;0.23;0.62;1586.77;51.81;1599.48;2;63
3420.00;3480.00;e3_0_4i;505.84;10.00;4.43;56.41;1.18;1.75;1554.99;0.36;0.95;1541.52;50.20;1553.89;3;51
3480.00;3540.00;e3_0_1i;314.46;5.20;5.79;56.59;1.30;0.93;257.90;2.73;1.10;237.63;51.39;257.04;15;47
3480.00;3540.00;e3_0_2i;432.17;-1.00;4.74;57.23;0.82;0.73;-1.00;-1.00;1.21;-1.00;55.47;-1.00;0;38
3480.00;3540.00;e3_0_3i;521.06;4.27;4.75;51.96;0.70;1.24;413.60;1.22;1.32;389.82;48.83;411.26;15;63
3480.00;3540.00;e3_0_4i;483.10;4.06;4.00;55.16;0.46;1.35;401.77;1.29;1.51;378.78;49.18;399.59;17;46
3540.00;3600.00;e3_0_1i;361.69;9.40;6.07;60.00;0.67;0.31;474.43;1.03;0.72;448.37;58.35;473.37;5;42
3540.00;3600.00;e3_0_2i;385.11;2.07;3.75;45.66;0.20;2.39;132.05;4.29;2.46;114.21;40.23;130.81;14;44
3540.00;3600.00;e3_0_3i;517.97;2.00;4.92;57.24;0.75;0.66;60.46;4.22;0.90;47.62;53.94;57.04;2;71
3540.00;3600.00;e3_0_4i;540.96;2.60;4.53;58.36;0.71;0.56;103.84;4.44;0.87;84.23;54.55;100.27;5;45
3600.00;3660.00;e3_0_1i;352.73;5.50;6.05;50.69;1.33;1.82;231.34;1.30;1.85;205.03;46.61;230.55;10;43
3600.00;3660.00;e3_0_2i;320.71;-1.00;3.49;51.74;0.87;2.01;-1.00;-1.00;2.33;-1.00;45.01;-1.00;0;63
3600.00;3660.00;e3_0_3i;588.68;6.42;5.27;57.40;0.81;0.45;357.46;0.97;0.73;330.73;56.19;356.02;12;62
3600.00;3660.00;e3_0_4i;673.96;4.27;4.82;57.79;0.24;0.51;307.01;2.09;0.71;278.67;56.43;305.37;15;33
3660.00;3720.00;e3_0_1i;262.77;6.17;3.84;48.56;0.52;2.84;280.98;2.22;3.04;251.85;41.29;279.86;12;58
3660.00;3720.00;e3_0_2i;300.28;2.61;3.26;48.46;0.74;1.83;195.47;2.59;2.10;172.48;41.10;194.59;28;61
3660.00;3720.00;e3_0_3i;524.09;17.00;4.92;56.32;0.84;0.34;949.62;0.27;0.51;935.71;54.43;943.05;1;76
3660.00;3720.00;e3_0_4i;526.01;-1.00;3.96;52.80;0.57;1.92;-1.00;-1.00;2.12;-1.00;48.85;-1.00;0;47
3720.00;3780.00;e3_0_1i;296.36;2.58;4.54;51.82;1.19;1.47;116.72;3.93;1.74;94.79;46.07;115.88;19;54
3720.00;3780.00;e3_0_2i;299.11;-1.00;3.48;54.88;0.83;0.92;-1.00;-1.00;1.46;-1.00;50.57;-1.00;0;75
3720.00;3780.00;e3_0_3i;575.82;7.55;4.86;59.23;0.38;0.17;558.84;0.76;0.31;533.70;57.97;557.08;11;66
3720.00;3780.00;e3_0_4i;618.44;5.00;3.90;60.00;0.23;0.13;502.56;1.95;0.64;487.07;59.45;501.07;16;31
3780.00;3840.00;e3_0_1i;270.26;4.68;3.55;49.30;0.62;1.77;241.86;1.90;2.02;213.60;43.55;240.95;19;56
3780.00;3840.00;e3_0_2i;283.71;3.82;3.37;49.95;1.04;1.79;286.00;2.02;1.80;259.51;43.38;285.17;34;57
3780.00;3840.00;e3_0_3i;635.82;-1.00;5.71;60.00;0.85;0.38;-1.00;-1.00;0.30;-1.00;58.24;-1.00;0;66
3780.00;3840.00;e3_0_4i;476.50;-1.00;3.36;50.46;0.67;2.01;-1.00;-1.00;2.21;-1.00;46.28;-1.00;0;45
3840.00;3900.00;e3_0_1i;257.93;3.27;4.31;51.59;1.68;1.77;219.24;2.98;1.83;196.45;44.35;218.52;11;62
3840.00;3900.00;e3_0_2i;290.72;-1.00;3.52;56.35;0.74;1.09;-1.00;-1.00;1.48;-1.00;51.35;-1.00;0;69
3840.00;3900.00;e3_0_3i;717.86;7.50;5.56;59.29;0.24;0.08;510.01;0.61;0.19;483.20;58.82;507.61;12;55
3840.00;3900.00;e3_0_4i;553.03;3.00;3.36;51.93;0.41;2.45;148.06;2.91;2.61;128.76;46.18;146.50;17;39
3900.00;3960.00;e3_0_1i;280.52;2.90;4.29;49.87;0.68;1.57;168.44;1.91;1.83;145.09;44.09;167.58;20;59
3900.00;3960.00;e3_0_2i;372.49;2.74;4.84;53.42;1.43;1.14;188.24;2.06;1.07;165.45;47.03;187.47;35;44
3900.00;3960.00;e3_0_3i;777.86;-1.00;6.05;60.00;0.49;0.43;-1.00;-1.00;0.24;-1.00;57.79;-1.00;0;55
3900.00;3960.00;e3_0_4i;430.91;-1.00;3.00;52.52;0.70;1.59;-1.00;-1.00;2.05;-1.00;47.37;-1.00;0;57
3960.00;4020.00;e3_0_1i;309.79;4.20;4.98;57.79;1.28;1.25;224.68;2.77;1.45;204.74;51.14;224.00;10;57
3960.00;4020.00;e3_0_2i;317.64;6.00;3.98;49.33;0.53;2.09;348.02;0.73;2.28;303.13;42.96;346.62;1;60
3960.00;4020.00;e3_0_3i;886.01;7.29;6.52;60.00;0.56;0.46;483.06;0.59;0.24;465.36;56.78;478.18;7;48
3960.00;4020.00;e3_0_4i;410.37;3.04;2.83;50.54;0.83;1.66;260.60;2.55;1.78;236.27;44.77;259.44;26;52
4020.00;4080.00;e3_0_1i;348.06;3.91;5.04;53.19;0.68;0.85;218.82;2.16;1.07;193.72;50.95;218.02;22;47
4020.00;4080.00;e3_0_2i;302.21;5.23;4.19;55.17;1.24;1.45;359.06;1.32;1.90;330.60;49.72;358.03;13;59
4020.00;4080.00;e3_0_3i;946.01;-1.00;6.77;60.00;0.25;0.19;-1.00;-1.00;0.24;-1.00;58.53;-1.00;0;48
4020.00;4080.00;e3_0_4i;382.86;-1.00;3.11;54.57;0.85;1.10;-1.00;-1.00;1.50;-1.00;49.60;-1.00;0;65
4080.00;4140.00;e3_0_1i;309.70;6.40;5.12;53.07;1.46;1.65;400.19;1.42;1.73;373.39;47.45;399.49;5;56
4080.00;4140.00;e3_0_2i;375.22;4.20;4.39;60.00;0.20;0.14;219.02;1.38;0.99;198.86;59.13;217.32;5;54
4080.00;4140.00;e3_0_3i;865.55;7.36;6.07;53.83;0.50;1.42;875.16;0.48;1.37;847.02;50.13;871.91;11;44
4080.00;4140.00;e3_0_4i;479.21;3.26;3.37;57.51;0.70;0.31;234.28;1.87;0.41;210.27;56.29;233.06;27;46
4140.00;4200.00;e3_0_1i;296.07;4.00;4.36;47.83;0.59;2.29;179.26;2.24;2.45;158.53;41.87;174.50;22;58
4140.00;4200.00;e3_0_2i;537.66;3.58;6.06;59.27;1.16;0.82;236.85;1.62;0.56;213.67;55.31;236.02;24;31
4140.00;4200.00;e3_0_3i;906.33;-1.00;6.36;60.00;0.42;0.26;-1.00;-1.00;0.62;-1.00;57.78;-1.00;0;45
4140.00;4200.00;e3_0_4i;539.21;-1.00;4.33;60.00;0.96;0.58;-1.00;-1.00;0.48;-1.00;57.66;-1.00;0;46
4200.00;4260.00;e3_0_1i;306.23;3.88;4.64;55.66;1.17;1.29;144.37;3.29;1.51;114.98;50.03;143.80;8;64
4200.00;4260.00;e3_0_2i;440.70;3.20;4.63;51.29;0.37;1.64;187.80;3.45;1.87;174.15;48.26;186.64;5;41
4200.00;4260.00;e3_0_3i;677.65;7.70;4.43;47.38;0.61;2.05;576.71;0.82;2.20;550.29;41.70;575.48;10;56
4200.00;4260.00;e3_0_4i;635.91;5.29;4.62;60.00;0.47;0.46;482.63;1.04;0.21;466.62;58.49;480.44;14;32
4260.00;4320.00;e3_0_1i;318.34;5.00;4.38;53.71;0.91;0.51;299.59;1.70;0.64;277.09;50.86;298.69;28;47
4260.00;4320.00;e3_0_2i;335.19;5.08;3.62;48.27;0.96;2.67;341.26;2.87;2.66;315.60;39.00;340.55;13;48
4260.00;4320.00;e3_0_3i;737.65;-1.00;5.16;60.00;0.73;0.42;-1.00;-1.00;1.05;-1.00;56.58;-1.00;0;56
4260.00;4320.00;e3_0_4i;456.47;-1.00;4.00;49.48;1.04;2.37;-1.00;-1.00;1.99;-1.00;42.79;-1.00;0;50
4320.00;4380.00;e3_0_1i;322.91;7.00;4.62;53.92;1.00;1.53;354.36;1.42;1.39;340.65;48.02;353.34;2;53
4320.00;4380.00;e3_0_2i;264.11;2.89;3.05;46.71;0.74;1.98;270.55;2.20;2.38;246.44;40.63;269.40;9;65
4320.00;4380.00;e3_0_3i;696.73;3.73;4.88;49.69;0.83;1.40;272.42;1.87;1.61;243.85;46.02;270.03;15;58
4320.00;4380.00;e3_0_4i;500.64;3.87;4.26;57.01;0.74;1.00;275.88;3.30;1.31;256.12;54.27;273.26;15;43
4380.00;4440.00;e3_0_1i;382.03;4.96;4.72;52.95;1.02;1.64;212.60;1.97;1.67;187.95;47.26;211.78;23;40
4380.00;4440.00;e3_0_2i;260.02;2.44;3.35;54.39;1.00;1.32;208.00;2.49;1.66;180.49;48.56;207.31;16;68
4380.00;4440.00;e3_0_3i;571.84;-1.00;4.03;53.75;0.40;0.36;-1.00;-1.00;0.77;-1.00;52.29;-1.00;0;78
4380.00;4440.00;e3_0_4i;466.35;-1.00;3.63;52.36;0.12;0.97;-1.00;-1.00;1.42;-1.00;49.89;-1.00;0;52
4440.00;4500.00;e3_0_1i;360.25;13.00;4.87;56.69;1.13;1.55;1013.32;0.26;1.74;1000.14;50.26;1012.38;1;47
4440.00;4500.00;e3_0_2i;329.17;2.47;3.64;59.21;0.23;0.11;223.23;1.79;0.65;199.47;58.56;222.17;15;56
4440.00;4500.00;e3_0_3i;609.21;7.38;3.87;58.23;0.59;0.83;533.91;0.92;0.79;510.81;52.72;532.68;13;69
4440.00;4500.00;e3_0_4i;329.64;5.94;2.89;52.34;1.13;1.93;581.89;1.06;2.08;560.63;44.00;580.64;16;55
4500.00;4560.00;e3_0_1i;559.88;4.20;5.64;58.23;0.25;0.19;182.26;1.98;0.41;153.19;57.38;181.42;20;28
4500.00;4560.00;e3_0_2i;296.16;3.58;4.11;50.56;1.48;1.96;294.44;1.59;1.60;272.98;43.62;293.55;12;61
4500.00;4560.00;e3_0_3i;569.12;-1.00;4.06;56.49;0.80;0.99;-1.00;-1.00;1.17;-1.00;51.95;-1.00;0;82
4500.00;4560.00;e3_0_4i;342.44;-1.00;3.32;54.66;0.79;1.06;-1.00;-1.00;1.61;-1.00;50.55;-1.00;0;63
4560.00;4620.00;e3_0_1i;474.80;-1.00;5.65;51.10;1.38;2.39;-1.00;-1.00;2.43;-1.00;47.89;-1.00;0;37
4560.00;4620.00;e3_0_2i;271.58;3.56;3.88;50.61;0.86;0.85;268.47;1.60;1.05;244.32;46.89;267.51;18;64
4560.00;4620.00;e3_0_3i;718.33;4.12;5.22;59.50;1.19;0.54;341.62;1.22;0.79;308.51;56.41;340.21;24;59
4560.00;4620.00;e3_0_4i;359.04;2.36;3.39;53.47;0.59;1.27;158.70;2.47;1.69;134.20;49.43;156.07;14;64
4620.00;4680.00;e3_0_1i;446.43;4.87;4.63;49.14;0.60;2.66;278.77;3.45;2.80;261.12;44.95;277.90;15;35
4620.00;4680.00;e3_0_2i;284.75;4.80;4.48;58.13;1.30;0.62;316.54;1.71;0.69;290.50;55.41;315.84;10;63
4620.00;4680.00;e3_0_3i;778.33;-1.00;5.42;60.00;0.20;0.11;-1.00;-1.00;0.58;-1.00;59.12;-1.00;0;59
4620.00;4680.00;e3_0_4i;354.30;-1.00;3.19;55.87;0.38;0.58;-1.00;-1.00;1.14;-1.00;53.84;-1.00;0;77
4680.00;4740.00;e3_0_1i;481.78;-1.00;5.32;59.46;0.95;0.62;-1.00;-1.00;1.14;-1.00;56.04;-1.00;0;37
4680.00;4740.00;e3_0_2i;344.82;5.00;4.56;60.00;0.13;0.29;331.30;1.22;0.45;317.50;58.28;330.05;11;52
4680.00;4740.00;e3_0_3i;686.93;5.85;4.69;47.95;1.39;1.57;554.10;0.93;1.40;532.60;43.84;553.21;27;49
4680.00;4740.00;e3_0_4i;382.13;3.89;3.58;56.70;0.85;0.50;230.32;1.31;0.89;203.20;53.92;227.28;9;78
4740.00;4800.00;e3_0_1i;397.89;5.06;4.24;44.97;0.85;2.46;393.91;1.78;2.42;374.81;39.16;392.91;17;33
4740.00;4800.00;e3_0_2i;345.78;5.40;4.96;52.88;1.07;1.80;428.16;1.10;1.17;408.40;45.46;427.48;5;54
4740.00;4800.00;e3_0_3i;654.16;4.00;4.61;56.78;0.62;1.07;161.14;2.08;1.29;148.40;52.19;159.68;2;56
4740.00;4800.00;e3_0_4i;410.30;7.00;3.48;59.01;0.22;0.15;742.50;0.84;0.60;718.81;58.41;741.07;3;79
4800.00;4860.00;e3_0_1i;287.45;-1.00;3.82;48.70;1.27;2.47;-1.00;-1.00;2.66;-1.00;38.88;-1.00;0;55
4800.00;4860.00;e3_0_2i;285.99;4.94;3.80;51.71;0.44;2.19;372.13;0.96;2.35;348.62;45.52;370.78;18;55
4800.00;4860.00;e3_0_3i;640.74;4.58;4.47;52.76;1.02;1.12;367.11;2.47;1.22;339.78;48.74;365.30;19;51
4800.00;4860.00;e3_0_4i;430.99;4.42;3.68;54.16;0.99;1.36;249.04;1.15;1.31;222.43;49.42;247.74;19;74
4860.00;4920.00;e3_0_1i;304.89;2.88;3.83;52.73;0.68;1.95;186.23;3.54;2.33;162.60;46.32;185.32;25;47
4860.00;4920.00;e3_0_2i;254.13;3.70;3.71;51.79;1.06;2.34;262.39;2.63;2.56;245.66;44.15;261.53;10;65
4860.00;4920.00;e3_0_3i;689.58;2.60;4.75;57.30;0.49;0.40;142.50;2.32;0.71;110.69;55.21;141.28;5;51
4860.00;4920.00;e3_0_4i;425.28;5.50;3.36;56.53;0.27;0.24;561.95;1.04;0.67;547.11;55.29;560.38;4;81
4920.00;4980.00;e3_0_1i;274.07;-1.00;3.45;53.61;0.68;1.30;-1.00;-1.00;1.87;-1.00;48.27;-1.00;0;65
4920.00;4980.00;e3_0_2i;257.27;3.48;3.36;52.24;0.62;1.77;231.07;1.83;2.22;207.33;48.07;230.17;25;58
4920.00;4980.00;e3_0_3i;593.35;8.40;4.49;51.98;0.82;1.07;876.50;1.00;1.22;863.37;49.40;871.65;5;57
4920.00;4980.00;e3_0_4i;511.13;4.00;3.95;60.00;0.70;0.23;324.40;1.33;0.34;302.24;58.72;323.05;15;66
4980.00;5040.00;e3_0_1i;295.14;2.79;3.86;50.77;0.98;1.05;187.95;2.21;1.25;159.67;46.65;187.18;24;57
4980.00;5040.00;e3_0_2i;239.97;3.29;3.23;51.71;0.80;1.38;224.32;3.76;1.71;197.55;46.36;223.79;7;71
4980.00;5040.00;e3_0_3i;531.90;6.00;3.86;54.91;0.37;0.39;269.90;0.96;0.72;241.33;53.39;268.66;2;70
4980.00;5040.00;e3_0_4i;591.24;3.20;4.23;60.00;0.20;0.09;321.33;0.96;0.26;294.96;59.21;320.33;5;61
5040.00;5100.00;e3_0_1i;326.47;-1.00;4.19;59.42;0.70;0.49;-1.00;-1.00;0.83;-1.00;56.71;-1.00;0;63
5040.00;5100.00;e3_0_2i;284.41;2.71;3.35;52.04;0.50;1.41;173.65;2.15;1.72;146.83;48.14;172.75;24;60
5040.00;5100.00;e3_0_3i;545.63;6.50;3.78;59.59;0.58;0.28;624.12;0.64;0.42;607.16;58.53;623.19;10;64
5040.00;5100.00;e3_0_4i;653.08;8.56;4.10;60.00;0.54;0.19;593.42;0.56;0.19;562.33;59.19;592.80;9;52
5100.00;5160.00;e3_0_1i;341.46;4.59;3.98;54.86;0.60;1.23;339.60;1.46;0.93;316.31;48.43;338.74;29;40
5100.00;5160.00;e3_0_2i;314.29;1.50;4.35;56.99;1.35;0.77;85.25;4.05;0.99;63.93;53.12;84.59;4;65
5100.00;5160.00;e3_0_3i;620.65;3.00;3.90;60.00;0.08;0.03;289.68;1.05;0.27;276.35;59.88;287.77;3;61
5100.00;5160.00;e3_0_4i;743.68;5.12;4.43;60.00;0.32;0.65;538.28;0.73;0.28;513.38;56.52;536.73;8;44
5160.00;5220.00;e3_0_1i;331.81;-1.00;4.00;53.06;0.76;1.72;-1.00;-1.00;1.92;-1.00;49.40;-1.00;0;49
5160.00;5220.00;e3_0_2i;367.91;4.30;4.04;58.34;0.22;0.20;267.33;1.36;0.41;243.98;57.56;266.38;23;49
5160.00;5220.00;e3_0_3i;640.60;9.67;5.03;59.37;1.44;1.15;1201.44;0.44;0.48;1187.57;53.57;1193.19;3;59
5160.00;5220.00;e3_0_4i;820.98;4.50;5.62;54.52;1.74;1.07;484.89;0.66;0.59;462.77;50.80;484.03;14;34
5220.00;5280.00;e3_0_1i;269.90;3.32;3.19;42.04;0.53;3.10;271.72;2.26;3.25;249.66;36.88;270.69;22;47
5220.00;5280.00;e3_0_2i;416.39;3.00;4.68;58.28;0.78;0.84;121.84;2.15;0.57;105.92;53.83;120.99;1;50
5220.00;5280.00;e3_0_3i;724.57;4.89;5.35;57.88;0.46;0.52;398.64;0.74;0.62;378.36;56.11;397.14;9;52
5220.00;5280.00;e3_0_4i;725.95;5.25;5.08;56.41;0.55;0.74;667.78;2.55;0.87;637.69;52.97;664.40;4;38
5280.00;5340.00;e3_0_1i;267.19;-1.00;3.32;55.76;0.82;1.40;-1.00;-1.00;1.93;-1.00;47.85;-1.00;0;60
5280.00;5340.00;e3_0_2i;563.10;4.85;5.80;60.00;0.57;0.38;325.25;1.14;0.21;305.35;56.88;324.17;20;30
5280.00;5340.00;e3_0_3i;572.89;5.67;4.44;51.82;1.20;1.78;561.96;0.76;1.59;539.35;44.31;561.03;21;50
5280.00;5340.00;e3_0_4i;652.19;7.00;4.61;53.05;0.52;1.10;623.49;0.47;1.30;594.15;49.70;613.59;2;44
5340.00;5400.00;e3_0_1i;284.72;2.62;3.64;47.30;0.96;2.44;184.40;2.30;2.61;158.98;41.36;183.50;29;47
5340.00;5400.00;e3_0_2i;328.90;-1.00;4.81;42.58;1.86;3.44;-1.00;-1.00;3.09;-1.00;34.58;-1.00;0;59
5340.00;5400.00;e3_0_3i;560.87;4.54;4.43;55.21;0.76;0.99;464.83;1.99;1.19;447.10;49.84;463.65;13;46
5340.00;5400.00;e3_0_4i;654.03;5.75;4.34;58.04;0.25;0.76;663.52;1.85;1.09;633.29;55.42;662.19;4;44
5400.00;5460.00;e3_0_1i;278.66;-1.00;3.78;55.62;0.93;1.16;-1.00;-1.00;1.71;-1.00;50.36;-1.00;0;60
5400.00;5460.00;e3_0_2i;293.95;3.34;4.50;51.15;0.44;1.63;287.29;3.47;1.90;261.61;45.04;286.50;29;50
5400.00;5460.00;e3_0_3i;556.00;4.57;4.42;55.92;0.83;1.27;263.87;1.65;1.56;231.56;48.94;263.23;7;48
5400.00;5460.00;e3_0_4i;640.09;4.50;4.10;57.90;0.31;0.55;428.49;0.94;0.87;414.16;55.55;423.26;2;48
5460.00;5520.00;e3_0_1i;300.82;3.22;4.45;51.32;1.36;1.37;199.24;2.66;1.48;174.95;47.39;198.44;27;47
5460.00;5520.00;e3_0_2i;244.29;-1.00;3.88;50.90;0.92;1.64;-1.00;-1.00;2.00;-1.00;44.45;-1.00;0;76
5460.00;5520.00;e3_0_3i;701.88;4.36;5.66;58.87;1.26;0.29;251.48;1.59;0.68;217.87;56.89;250.60;11;38
5460.00;5520.00;e3_0_4i;560.28;7.00;3.23;50.66;0.23;1.35;668.64;0.66;1.67;644.22;48.87;667.21;6;53
5520.00;5580.00;e3_0_1i;313.30;3.00;4.26;56.11;0.50;0.95;182.75;1.71;1.33;153.89;51.31;181.61;2;54
5520.00;5580.00;e3_0_2i;255.93;3.74;4.43;55.30;0.94;1.44;284.02;2.12;1.54;258.13;48.85;283.25;31;54
5520.00;5580.00;e3_0_3i;467.48;5.33;4.42;47.10;1.19;1.94;457.50;1.47;1.95;433.09;40.20;456.65;6;57
5520.00;5580.00;e3_0_4i;440.21;6.60;3.12;50.09;1.06;1.81;716.73;0.80;1.94;683.79;44.31;716.07;5;67
5580.00;5640.00;e3_0_1i;334.85;3.82;4.80;53.91;1.13;1.45;247.50;2.23;1.54;226.45;47.85;241.70;17;46
5580.00;5640.00;e3_0_2i;250.90;-1.00;4.46;53.47;1.04;1.14;-1.00;-1.00;1.52;-1.00;49.35;-1.00;0;70
5580.00;5640.00;e3_0_3i;437.66;2.75;3.89;51.35;0.47;1.59;142.05;3.17;1.90;115.21;45.87;141.06;12;66
5580.00;5640.00;e3_0_4i;457.91;2.90;3.17;52.91;0.70;1.06;246.90;1.94;1.35;220.83;48.75;245.46;20;63
5640.00;5700.00;e3_0_1i;400.38;3.00;5.41;59.79;0.59;0.25;194.42;1.87;0.73;170.59;58.16;192.70;3;44
5640.00;5700.00;e3_0_2i;216.19;5.31;3.81;49.18;1.08;1.48;274.83;1.84;1.64;248.18;43.90;273.88;29;63
5640.00;5700.00;e3_0_3i;453.93;1.83;3.90;55.01;0.44;1.28;98.10;3.96;1.71;63.59;51.03;93.37;6;71
5640.00;5700.00;e3_0_4i;436.71;3.40;3.66;55.97;1.03;0.68;445.63;3.27;0.92;425.70;52.00;441.95;5;70
5700.00;5760.00;e3_0_1i;309.05;6.55;3.96;52.20;0.95;2.01;304.95;1.31;2.01;280.21;43.14;304.04;11;56
5700.00;5760.00;e3_0_2i;243.05;-1.00;4.19;56.48;0.90;0.98;-1.00;-1.00;1.40;-1.00;52.05;-1.00;0;73
5700.00;5760.00;e3_0_3i;517.85;2.44;4.28;56.85;0.57;0.29;187.96;1.76;0.71;160.72;55.44;185.87;16;65
5700.00;5760.00;e3_0_4i;447.67;3.14;3.85;50.65;0.89;1.30;154.71;1.89;1.37;130.01;46.13;153.10;14;73
5760.00;5820.00;e3_0_1i;372.02;4.22;4.20;58.58;0.46;0.41;237.09;1.85;1.02;213.33;56.61;235.73;9;50
5760.00;5820.00;e3_0_2i;362.20;4.17;5.47;60.00;1.13;0.60;207.61;1.87;0.58;183.18;57.05;206.83;35;38
5760.00;5820.00;e3_0_3i;590.17;3.00;4.79;59.91;0.50;0.23;198.36;1.82;0.48;185.07;58.72;197.35;4;62
5760.00;5820.00;e3_0_4i;388.67;4.50;3.68;53.45;0.84;1.29;256.02;1.63;1.52;226.74;46.86;247.02;2;96
5820.00;5880.00;e3_0_1i;349.13;3.85;3.84;43.22;1.10;2.35;189.66;1.89;2.19;163.31;37.57;189.03;20;49
5820.00;5880.00;e3_0_2i;366.55;-1.00;5.61;53.73;0.89;1.52;-1.00;-1.00;1.65;-1.00;51.90;-1.00;0;44
5820.00;5880.00;e3_0_3i;691.23;4.67;5.24;59.20;0.50;0.08;309.64;1.11;0.27;281.81;58.73;306.58;9;54
5820.00;5880.00;e3_0_4i;462.92;3.68;3.74;58.97;0.32;0.16;277.00;1.66;0.55;249.63;57.93;275.68;25;78
5880.00;5940.00;e3_0_1i;276.77;4.44;3.02;49.88;0.68;2.62;314.85;2.05;2.86;283.83;42.81;313.87;9;65
5880.00;5940.00;e3_0_2i;434.32;5.40;6.67;59.73;0.87;0.57;347.67;2.63;0.71;330.23;56.73;346.59;15;30
5880.00;5940.00;e3_0_3i;751.23;-1.00;5.39;60.00;0.15;0.11;-1.00;-1.00;0.24;-1.00;59.44;-1.00;0;54
5880.00;5940.00;e3_0_4i;499.44;8.00;4.41;59.88;0.87;0.46;912.29;0.67;0.50;898.38;57.28;911.31;2;78
5940.00;6000.00;e3_0_1i;308.60;2.61;3.55;52.67;1.07;1.30;155.15;2.81;1.76;134.41;48.25;154.31;18;60
5940.00;6000.00;e3_0_2i;407.31;-1.00;6.08;55.16;0.68;0.95;-1.00;-1.00;1.21;-1.00;52.89;-1.00;0;37
5940.00;6000.00;e3_0_3i;802.36;10.67;5.44;59.05;0.44;0.18;673.43;0.43;0.23;649.90;58.03;668.49;3;52
5940.00;6000.00;e3_0_4i;674.73;4.83;4.71;60.00;0.29;0.16;266.92;1.07;0.21;239.62;58.95;266.00;23;55
6000.00;6060.00;e3_0_1i;333.49;2.50;3.87;54.58;0.94;0.97;139.35;1.98;1.26;114.36;49.84;138.34;14;62
6000.00;6060.00;e3_0_2i;411.18;5.40;5.91;54.18;1.38;1.98;264.89;2.10;1.77;242.97;46.30;263.88;15;32
6000.00;6060.00;e3_0_3i;731.98;8.00;5.00;55.18;0.48;0.20;442.30;0.58;0.30;427.88;54.35;436.39;1;61
6000.00;6060.00;e3_0_4i;734.73;-1.00;5.29;60.00;0.58;0.24;-1.00;-1.00;0.22;-1.00;58.86;-1.00;0;55
6060.00;6120.00;e3_0_1i;307.61;3.41;3.86;50.19;1.06;2.24;238.71;2.73;2.16;215.60;41.87;237.81;17;65
6060.00;6120.00;e3_0_2i;316.30;-1.00;4.51;47.78;0.65;1.50;-1.00;-1.00;1.93;-1.00;44.68;-1.00;0;49
6060.00;6120.00;e3_0_3i;781.86;8.77;4.38;60.00;0.26;0.48;827.79;0.44;0.23;804.12;57.82;826.71;13;47
6060.00;6120.00;e3_0_4i;753.49;8.64;4.24;58.79;0.19;0.28;840.41;0.45;0.16;815.60;57.19;839.47;14;42
6120.00;6180.00;e3_0_1i;327.36;3.72;3.80;53.63;0.72;1.03;234.09;1.80;1.34;208.17;49.76;233.22;18;61
6120.00;6180.00;e3_0_2i;242.01;3.54;4.29;47.80;1.40;2.74;276.63;3.08;2.64;254.87;36.55;275.66;24;48
6120.00;6180.00;e3_0_3i;709.04;-1.00;4.95;52.83;1.27;1.87;-1.00;-1.00;1.44;-1.00;47.45;-1.00;0;56
6120.00;6180.00;e3_0_4i;673.49;-1.00;5.37;52.96;1.88;1.61;-1.00;-1.00;0.86;-1.00;46.06;-1.00;0;51
6180.00;6240.00;e3_0_1i;339.29;2.93;4.40;52.83;1.41;1.26;136.55;2.23;1.30;112.28;47.70;135.93;15;63
6180.00;6240.00;e3_0_2i;202.70;-1.00;3.51;49.85;0.80;2.00;-1.00;-1.00;2.54;-1.00;42.97;-1.00;0;76
6180.00;6240.00;e3_0_3i;604.28;4.56;4.60;47.70;0.85;1.81;537.83;2.21;1.71;518.33;43.17;536.36;27;47
6180.00;6240.00;e3_0_4i;726.36;4.14;5.44;58.80;0.27;0.50;358.86;2.51;0.68;344.99;55.58;353.17;7;48
6240.00;6300.00;e3_0_1i;419.70;4.00;4.35;59.41;0.21;0.07;212.89;1.54;0.40;189.41;59.04;211.90;16;52
6240.00;6300.00;e3_0_2i;213.63;2.53;4.05;50.68;1.08;2.16;176.43;2.43;2.52;150.41;44.23;175.64;30;65
6240.00;6300.00;e3_0_3i;512.34;-1.00;4.50;54.25;1.02;1.21;-1.00;-1.00;1.47;-1.00;48.85;-1.00;0;62
6240.00;6300.00;e3_0_4i;786.36;-1.00;5.48;60.00;0.04;0.01;-1.00;-1.00;0.39;-1.00;59.93;-1.00;0;48
6300.00;6360.00;e3_0_1i;432.97;11.25;4.49;58.84;0.80;0.81;878.07;0.79;0.54;857.03;55.62;877.39;4;49
6300.00;6360.00;e3_0_2i;247.93;2.00;4.06;56.96;0.43;0.63;193.31;1.32;1.42;148.49;54.44;192.03;1;72
6300.00;6360.00;e3_0_3i;548.49;4.71;5.35;57.39;1.28;0.66;467.11;2.11;0.80;444.74;54.30;465.98;21;46
6300.00;6360.00;e3_0_4i;853.79;8.14;5.80;60.00;0.56;0.13;782.95;0.67;0.27;755.11;59.06;779.67;7;41
6360.00;6420.00;e3_0_1i;561.23;4.12;5.06;59.97;0.26;0.51;292.79;1.37;0.50;271.48;56.86;291.94;17;34
6360.00;6420.00;e3_0_2i;272.19;3.56;4.92;52.33;1.48;1.23;213.69;1.91;1.27;187.41;48.37;212.82;32;52
6360.00;6420.00;e3_0_3i;488.51;-1.00;5.12;53.50;0.88;1.29;-1.00;-1.00;1.52;-1.00;49.01;-1.00;0;58
6360.00;6420.00;e3_0_4i;703.72;-1.00;5.00;55.47;0.59;1.41;-1.00;-1.00;1.36;-1.00;49.97;-1.00;0;54
6420.00;6480.00;e3_0_1i;359.37;6.40;3.92;45.71;1.06;2.77;745.29;0.86;2.60;725.54;39.16;744.46;5;49
6420.00;6480.00;e3_0_2i;333.99;2.20;5.56;59.81;0.66;0.29;145.83;2.25;0.51;126.80;57.60;144.41;5;50
6420.00;6480.00;e3_0_3i;487.91;4.19;4.77;48.64;0.75;1.35;209.09;2.73;1.49;188.06;44.51;207.81;21;56
6420.00;6480.00;e3_0_4i;813.86;4.82;5.51;60.00;0.40;0.15;531.76;1.66;0.54;500.69;58.77;529.13;11;43
6480.00;6540.00;e3_0_1i;338.01;3.43;3.85;54.26;0.64;1.47;350.29;2.43;1.83;330.12;49.16;349.24;14;47
6480.00;6540.00;e3_0_2i;373.12;7.20;6.00;60.00;0.80;0.48;430.89;0.91;0.43;407.18;57.64;430.00;10;40
6480.00;6540.00;e3_0_3i;455.52;-1.00;4.81;53.71;0.88;1.27;-1.00;-1.00;1.59;-1.00;49.66;-1.00;0;68
6480.00;6540.00;e3_0_4i;581.09;-1.00;3.92;50.84;0.33;1.57;-1.00;-1.00;1.77;-1.00;45.78;-1.00;0;66
6540.00;6600.00;e3_0_1i;324.71;3.00;4.00;53.95;0.93;1.47;228.51;1.58;1.80;199.60;49.02;227.88;2;57
6540.00;6600.00;e3_0_2i;336.86;8.67;4.82;52.57;0.54;1.64;290.86;0.93;1.55;245.63;45.17;290.14;3;50
6540.00;6600.00;e3_0_3i;439.01;4.73;4.84;50.96;1.21;0.99;322.77;1.76;1.06;299.36;46.57;321.75;22;63
6540.00;6600.00;e3_0_4i;515.10;7.14;3.65;54.44;0.68;0.81;769.50;0.60;1.29;742.76;51.68;766.48;7;72
6600.00;6660.00;e3_0_1i;329.06;4.09;3.64;55.07;0.66;0.62;298.29;1.75;0.91;271.81;52.29;297.34;22;47
6600.00;6660.00;e3_0_2i;304.77;4.59;4.10;48.73;0.76;2.90;234.37;2.36;2.93;211.40;39.74;233.57;17;51
6600.00;6660.00;e3_0_3i;466.43;-1.00;5.32;59.68;0.84;0.31;-1.00;-1.00;0.56;-1.00;58.13;-1.00;0;68
6600.00;6660.00;e3_0_4i;482.67;-1.00;3.46;56.37;0.44;0.16;-1.00;-1.00;0.66;-1.00;55.56;-1.00;0;87
6660.00;6720.00;e3_0_1i;317.62;5.00;4.02;57.64;1.20;0.57;129.56;1.94;0.67;84.25;54.15;129.26;1;59
6660.00;6720.00;e3_0_2i;253.97;4.20;3.18;49.70;0.57;1.85;279.02;1.76;2.30;246.49;43.47;277.99;10;65
6660.00;6720.00;e3_0_3i;500.17;6.60;5.27;55.40;0.76;1.17;388.20;1.09;0.90;360.39;49.38;386.66;15;59
6660.00;6720.00;e3_0_4i;503.19;5.80;3.78;59.39;0.78;0.27;661.08;0.84;0.43;633.06;57.88;659.99;15;73
6720.00;6780.00;e3_0_1i;387.85;5.31;4.14;60.00;0.47;0.43;329.09;1.18;0.40;305.55;58.32;328.17;16;43
6720.00;6780.00;e3_0_2i;271.42;2.29;3.92;52.81;1.28;1.62;157.60;2.32;1.94;134.65;45.93;156.92;17;64
6720.00;6780.00;e3_0_3i;543.52;-1.00;5.82;59.75;0.72;0.50;-1.00;-1.00;0.70;-1.00;57.03;-1.00;0;61
6720.00;6780.00;e3_0_4i;563.19;-1.00;3.92;60.00;0.14;0.01;-1.00;-1.00;0.33;-1.00;59.95;-1.00;0;73
6780.00;6840.00;e3_0_1i;414.15;4.00;5.04;56.02;1.26;1.23;203.21;1.25;0.85;188.58;49.65;202.33;1;46
6780.00;6840.00;e3_0_2i;310.44;4.06;4.17;57.47;0.66;0.65;300.10;1.40;1.21;276.84;54.89;299.01;16;53
6780.00;6840.00;e3_0_3i;641.69;6.00;6.83;58.55;1.12;0.56;447.01;1.15;0.49;418.22;55.25;445.90;23;40
6780.00;6840.00;e3_0_4i;579.27;6.08;4.42;58.42;0.95;0.51;672.21;0.66;0.32;645.22;55.33;669.54;12;64
6840.00;6900.00;e3_0_1i;543.71;4.62;5.58;52.05;0.31;1.03;298.66;1.41;0.86;274.73;49.97;297.77;24;26
6840.00;6900.00;e3_0_2i;292.28;4.13;4.12;50.63;1.00;1.41;282.15;1.75;1.62;258.27;46.39;281.37;15;51
6840.00;6900.00;e3_0_3i;553.63;-1.00;5.92;50.34;0.57;1.69;-1.00;-1.00;1.88;-1.00;47.88;-1.00;0;51
6840.00;6900.00;e3_0_4i;630.28;-1.00;4.62;59.92;0.26;0.08;-1.00;-1.00;0.27;-1.00;59.49;-1.00;0;65
6900.00;6960.00;e3_0_1i;281.57;-1.00;3.78;45.94;1.37;3.03;-1.00;-1.00;2.85;-1.00;35.96;-1.00;0;60
6900.00;6960.00;e3_0_2i;299.59;3.50;3.87;51.08;0.60;1.27;152.40;2.69;1.53;128.06;46.52;151.15;12;55
6900.00;6960.00;e3_0_3i;450.43;8.70;4.96;50.21;1.04;1.81;562.83;0.66;1.94;540.03;44.65;561.27;10;57
6900.00;6960.00;e3_0_4i;667.68;5.81;4.86;60.00;0.59;0.38;715.19;0.58;0.20;689.84;58.42;714.25;16;49
6960.00;7020.00;e3_0_1i;203.73;3.90;2.65;46.28;0.53;2.19;305.71;2.38;2.36;285.89;39.34;304.61;31;55
6960.00;7020.00;e3_0_2i;286.89;4.71;4.29;52.57;1.37;1.83;286.07;1.78;1.97;267.48;45.02;285.16;7;62
6960.00;7020.00;e3_0_3i;486.90;-1.00;5.48;58.99;0.77;0.56;-1.00;-1.00;1.05;-1.00;56.43;-1.00;0;60
6960.00;7020.00;e3_0_4i;727.68;-1.00;5.53;60.00;0.67;0.82;-1.00;-1.00;0.31;-1.00;56.27;-1.00;0;49
7020.00;7080.00;e3_0_1i;201.12;-1.00;2.92;53.69;1.00;1.29;-1.00;-1.00;1.74;-1.00;48.37;-1.00;0;76
7020.00;7080.00;e3_0_2i;317.62;3.37;4.05;53.85;0.39;1.12;193.25;2.29;1.54;162.93;49.66;192.17;19;57
7020.00;7080.00;e3_0_3i;467.52;5.00;5.07;49.19;0.66;2.38;322.93;1.71;2.62;304.02;46.29;320.64;16;58
7020.00;7080.00;e3_0_4i;851.69;5.33;6.29;58.77;0.69;0.65;542.01;0.61;0.54;522.16;57.23;540.71;15;35
7080.00;7140.00;e3_0_1i;154.82;3.41;2.94;49.98;1.11;1.74;301.25;1.71;1.91;277.90;42.07;300.35;32;64
7080.00;7140.00;e3_0_2i;330.91;3.75;4.54;56.56;1.25;1.10;176.15;2.43;1.36;146.86;51.99;175.55;8;61
7080.00;7140.00;e3_0_3i;423.71;11.00;4.39;53.98;0.46;0.88;553.26;0.46;1.38;507.93;50.60;552.33;1;72
7080.00;7140.00;e3_0_4i;895.54;9.00;6.11;59.75;0.09;0.06;614.83;0.42;0.27;600.28;59.49;613.10;1;35
7140.00;7200.00;e3_0_1i;171.07;-1.00;3.39;53.11;1.15;1.13;-1.00;-1.00;1.53;-1.00;47.92;-1.00;0;84
7140.00;7200.00;e3_0_2i;449.27;4.50;5.26;59.27;0.63;0.54;218.13;1.70;0.72;194.91;57.10;217.26;20;43
7140.00;7200.00;e3_0_3i;369.17;9.00;3.74;54.27;0.66;0.67;700.22;0.73;1.08;677.32;52.11;699.02;11;73
7140.00;7200.00;e3_0_4i;652.96;8.42;4.19;41.08;0.89;4.94;738.72;0.63;4.32;722.50;35.66;736.95;12;37
